Year,Portfolio Real Return,Portfolio Volatility,Portfolio Sharpe,Risk Free Rate,Num Companies
2015,0.32062268074157085,0.07328277389460044,2.702769450537677,0.00041591269775323334,39
2016,0.6380060036557361,0.09512647919564289,3.6217584687500297,0.0030015537849222996,38
2017,0.6774971684813157,0.06917409252744439,4.853205805767143,0.009220996018187459,40
2018,0.30078664271908956,0.08167658905290424,2.3591721898218254,0.019212589634367193,40
2019,0.7803594040636986,0.0873864418985085,4.467088313012814,0.020430793577716464,40
2020,1.4607529649690605,0.1543388124257338,4.795638184111762,0.003350592887989823,40
2021,0.4692472124496336,0.0775202049994751,3.3947776870726516,0.00034615079539694957,40
2022,-0.06740147331802834,0.15878245185786644,0.2265176354626993,0.019958486127040063,10
2023,0.9713471027159252,0.1129851824881545,4.161039722189557,0.05045160009384156,34
