Date,Adj Close,Close,High,Low,Open,Volume,Ticker
2022-03-17,42.4892463684082,43.18899917602539,43.18899917602539,42.2400016784668,42.2400016784668,8300,VERS
2022-03-18,44.07118225097656,44.797000885009766,44.79999923706055,43.150001525878906,43.150001525878906,18400,VERS
2022-03-21,43.43368911743164,44.14899826049805,44.83000183105469,43.744998931884766,44.7400016784668,14000,VERS
2022-03-22,44.44503784179688,45.17699813842773,45.619998931884766,44.43999862670898,44.43999862670898,11700,VERS
2022-03-23,43.89607620239258,44.61899948120117,45.54999923706055,44.44400024414063,44.86000061035156,20300,VERS
2022-03-24,44.67623519897461,45.4119987487793,45.4119987487793,44.34999847412109,45.06999969482422,32400,VERS
2022-03-25,44.01314926147461,44.73799896240234,45.540000915527344,44.310001373291016,45.540000915527344,29400,VERS
2022-03-28,44.61522674560547,45.34999847412109,45.34999847412109,44.33000183105469,44.959999084472656,36900,VERS
2022-03-29,46.14995956420898,46.90999984741211,47.11000061035156,45.73699951171875,46.040000915527344,42900,VERS
2022-03-30,44.79723739624024,45.53499984741211,46.88999938964844,45.459999084472656,46.70000076293945,14900,VERS
2022-03-31,44.03775024414063,44.76300048828125,45.68999862670898,44.76300048828125,45.68999862670898,7600,VERS
2022-04-01,43.802616119384766,44.52399826049805,45.18999862670898,44.16999816894531,45.18999862670898,4400,VERS
2022-04-04,45.313724517822266,46.060001373291016,46.16400146484375,45.04999923706055,45.04999923706055,8500,VERS
2022-04-05,43.84098052978516,44.5629997253418,45.97999954223633,44.5099983215332,45.97999954223633,9200,VERS
2022-04-06,42.087852478027344,42.78099822998047,43.95000076293945,42.52999877929688,43.95000076293945,11600,VERS
2022-04-07,41.653018951416016,42.3390007019043,42.90999984741211,41.869998931884766,42.81999969482422,7400,VERS
2022-04-08,40.76268005371094,41.43399810791016,42.380001068115234,41.43399810791016,42.380001068115234,4500,VERS
2022-04-11,39.8202018737793,40.47600173950195,41.25,40.470001220703125,41.25,7900,VERS
2022-04-12,39.49948501586914,40.150001525878906,41.45000076293945,40.0,41.04999923706055,10600,VERS
2022-04-13,40.21077346801758,40.87300109863281,41.00400161743164,39.97999954223633,40.369998931884766,5600,VERS
2022-04-14,39.017425537109375,39.65999984741211,40.52000045776367,39.652000427246094,40.52000045776367,6300,VERS
2022-04-18,38.64063262939453,39.277000427246094,39.65999984741211,38.88999938964844,39.65999984741211,4800,VERS
2022-04-19,39.55948257446289,40.21099853515625,40.31999969482422,39.1619987487793,39.1619987487793,4200,VERS
2022-04-20,38.720314025878906,39.358001708984375,40.560001373291016,39.34999847412109,40.560001373291016,6800,VERS
2022-04-21,37.29972076416016,37.91400146484375,39.959999084472656,37.84999847412109,39.959999084472656,13100,VERS
2022-04-22,36.706485748291016,37.31100082397461,38.29999923706055,37.20000076293945,38.29999923706055,9800,VERS
2022-04-25,37.07934188842773,37.68999862670898,37.720001220703125,37.12300109863281,37.39500045776367,7500,VERS
2022-04-26,35.85157012939453,36.44200134277344,37.5,36.44200134277344,37.5,4900,VERS
2022-04-27,35.42655944824219,36.0099983215332,36.90999984741211,35.935001373291016,36.90999984741211,6500,VERS
2022-04-28,37.00556182861328,37.6150016784668,37.86000061035156,36.35300064086914,37.04999923706055,3800,VERS
2022-04-29,35.8033561706543,36.39300155639648,37.68000030517578,36.39300155639648,37.43999862670898,2400,VERS
2022-05-02,36.8825798034668,37.4900016784668,37.51499938964844,36.36000061035156,36.36000061035156,3400,VERS
2022-05-03,36.98095703125,37.59000015258789,37.7599983215332,37.33000183105469,37.33000183105469,2600,VERS
2022-05-04,38.10248565673828,38.72999954223633,38.775001525878906,36.66999816894531,37.29999923706055,5800,VERS
2022-05-05,35.771873474121094,36.36100006103516,36.93000030517578,36.02000045776367,36.93000030517578,1600,VERS
2022-05-06,34.82545852661133,35.39899826049805,36.15999984741211,35.040000915527344,36.15999984741211,4200,VERS
2022-05-09,32.69160461425781,33.22999954223633,34.68000030517578,33.22999954223633,34.68000030517578,4300,VERS
2022-05-10,32.87556838989258,33.41699981689453,33.560001373291016,32.68000030517578,33.27000045776367,3700,VERS
2022-05-11,31.39495658874512,31.91200065612793,33.16999816894531,31.91200065612793,33.0,6600,VERS
2022-05-12,32.03246307373047,32.560001373291016,32.560001373291016,32.439998626708984,32.439998626708984,900,VERS
2022-05-13,33.963645935058594,34.52299880981445,34.52299880981445,33.78300094604492,33.81999969482422,1800,VERS
2022-05-16,33.60457229614258,34.15800094604492,34.689998626708984,34.15800094604492,34.310001373291016,2200,VERS
2022-05-17,35.25833511352539,35.8390007019043,35.8390007019043,35.0,35.529998779296875,1000,VERS
2022-05-18,33.651790618896484,34.20600128173828,34.404998779296875,34.20600128173828,34.33000183105469,700,VERS
2022-05-19,34.000057220458984,34.560001373291016,34.560001373291016,34.31999969482422,34.31999969482422,2600,VERS
2022-05-20,33.631134033203125,34.185001373291016,34.185001373291016,33.18000030517578,34.02000045776367,4700,VERS
2022-05-23,33.77083206176758,34.32699966430664,34.459999084472656,34.150001525878906,34.459999084472656,1900,VERS
2022-05-24,32.24101638793945,32.77199935913086,32.779998779296875,32.2599983215332,32.2599983215332,3000,VERS
2022-05-25,32.9454231262207,33.487998962402344,33.487998962402344,33.25,33.25,700,VERS
2022-05-26,33.96169662475586,34.520999908447266,34.529998779296875,33.82500076293945,33.82500076293945,2000,VERS
2022-05-27,35.28194046020508,35.862998962402344,35.862998962402344,35.2400016784668,35.25,1900,VERS
2022-05-31,34.979915618896484,35.555999755859375,36.040000915527344,35.36000061035156,36.040000915527344,5400,VERS
2022-06-01,34.86874771118164,35.44300079345703,35.5,35.06999969482422,35.47999954223633,2400,VERS
2022-06-02,36.37297058105469,36.97200012207031,36.97200012207031,35.91999816894531,35.91999816894531,2500,VERS
2022-06-03,35.4688606262207,36.053001403808594,36.400001525878906,36.0099983215332,36.400001525878906,1400,VERS
2022-06-06,35.54461669921875,36.130001068115234,36.130001068115234,36.06999969482422,36.06999969482422,400,VERS
2022-06-07,36.084720611572266,36.67900085449219,36.67900085449219,35.83000183105469,35.83000183105469,600,VERS
2022-06-08,36.00995635986328,36.60300064086914,37.0099983215332,36.46799850463867,37.0099983215332,1600,VERS
2022-06-09,34.8736686706543,35.448001861572266,36.400001525878906,35.448001861572266,36.400001525878906,800,VERS
2022-06-10,33.63309860229492,34.1870002746582,34.93000030517578,34.11000061035156,34.93000030517578,1000,VERS
2022-06-13,31.53072166442871,32.04999923706055,33.0,32.04999923706055,33.0,5400,VERS
2022-06-14,31.61237144470215,32.132999420166016,32.25,32.060001373291016,32.060001373291016,3100,VERS
2022-06-15,32.788021087646484,33.327999114990234,33.439998626708984,32.709999084472656,32.709999084472656,1400,VERS
2022-06-16,30.97585868835449,31.48600006103516,32.0,31.399999618530277,32.0,3500,VERS
2022-06-17,31.88980865478516,32.415000915527344,32.415000915527344,31.790000915527344,31.790000915527344,800,VERS
2022-06-21,32.79489517211914,33.334999084472656,33.88100051879883,33.09000015258789,33.2599983215332,4900,VERS
2022-06-22,33.00641632080078,33.54999923706055,33.54999923706055,33.54999923706055,33.54999923706055,200,VERS
2022-06-23,33.98331832885742,34.542999267578125,34.542999267578125,33.560001373291016,33.869998931884766,2000,VERS
2022-06-24,34.93465805053711,35.5099983215332,35.5099983215332,35.25,35.25,500,VERS
2022-06-27,34.37979888916016,34.94599914550781,35.83000183105469,34.869998931884766,35.83000183105469,900,VERS
2022-06-28,33.3123779296875,33.86100006103516,35.0,33.86100006103516,35.0,400,VERS
2022-06-29,33.110694885253906,33.65599822998047,33.65599822998047,33.65599822998047,33.65599822998047,200,VERS
2022-06-30,32.24101638793945,32.77199935913086,32.77199935913086,32.77199935913086,32.77199935913086,200,VERS
2022-07-01,32.311859130859375,32.84400177001953,33.01499938964844,32.38399887084961,33.01499938964844,2500,VERS
2022-07-05,33.71278381347656,34.268001556396484,34.268001556396484,32.41999816894531,32.41999816894531,800,VERS
2022-07-06,33.564231872558594,34.117000579833984,34.340999603271484,34.117000579833984,34.31999969482422,900,VERS
2022-07-07,35.075340270996094,35.65299987792969,35.65299987792969,35.65299987792969,35.65299987792969,200,VERS
2022-07-08,35.09108352661133,35.66899871826172,35.880001068115234,35.15999984741211,35.15999984741211,800,VERS
2022-07-11,33.56324768066406,34.11600112915039,35.0,34.11600112915039,35.0,400,VERS
2022-07-12,33.47175216674805,34.02299880981445,34.279998779296875,34.02299880981445,34.06999969482422,800,VERS
2022-07-13,33.210060119628906,33.75699996948242,33.89699935913086,33.75699996948242,33.89699935913086,400,VERS
2022-07-14,33.27204513549805,33.81999969482422,33.869998931884766,33.03499984741211,33.06999969482422,1000,VERS
2022-07-15,33.73246383666992,34.28799819946289,34.28799819946289,33.7599983215332,33.7599983215332,700,VERS
2022-07-18,33.905609130859375,34.4640007019043,34.4640007019043,34.4640007019043,34.4640007019043,500,VERS
2022-07-19,35.30063247680664,35.88199996948242,35.88199996948242,35.36000061035156,35.36000061035156,800,VERS
2022-07-20,36.68778610229492,37.29199981689453,37.29199981689453,36.900001525878906,36.9900016784668,700,VERS
2022-07-21,37.14033889770508,37.75199890136719,37.75199890136719,37.290000915527344,37.290000915527344,900,VERS
2022-07-22,35.01041030883789,35.58700180053711,37.15999984741211,35.5620002746582,37.15999984741211,3200,VERS
2022-07-25,34.86579132080078,35.439998626708984,35.439998626708984,35.400001525878906,35.400001525878906,3700,VERS
2022-07-26,33.886924743652344,34.44499969482422,35.0,34.44499969482422,35.0,300,VERS
2022-07-27,35.55740737915039,36.14300155639648,36.14300155639648,35.45100021362305,35.45100021362305,1500,VERS
2022-07-28,36.07783508300781,36.672000885009766,36.672000885009766,36.672000885009766,36.672000885009766,300,VERS
2022-07-29,36.54218673706055,37.14400100708008,37.14400100708008,36.67100143432617,37.13999938964844,700,VERS
2022-08-01,36.78223419189453,37.38800048828125,37.38800048828125,37.20000076293945,37.20000076293945,1200,VERS
2022-08-02,36.80191421508789,37.40800094604492,37.45000076293945,37.150001525878906,37.150001525878906,1400,VERS
2022-08-03,37.88015365600586,38.50400161743164,38.5099983215332,37.59000015258789,37.59000015258789,1300,VERS
2022-08-04,38.016902923583984,38.64300155639648,38.64300155639648,38.34999847412109,38.34999847412109,600,VERS
2022-08-05,38.34843444824219,38.97999954223633,38.97999954223633,38.5,38.5,1100,VERS
2022-08-08,38.65243911743164,39.28900146484375,39.400001525878906,39.08000183105469,39.09000015258789,2900,VERS
2022-08-09,37.312496185302734,37.92699813842773,38.18999862670898,37.790000915527344,38.04999923706055,1700,VERS
2022-08-10,39.31060028076172,39.95800018310547,39.95800018310547,39.45700073242188,39.45700073242188,4000,VERS
2022-08-11,39.27911376953125,39.92599868774414,41.68000030517578,39.84999847412109,40.56100082397461,3900,VERS
2022-08-12,40.370147705078125,41.03499984741211,41.04999923706055,40.25,40.25,2100,VERS
2022-08-15,40.33866500854492,41.00299835205078,41.00299835205078,40.58000183105469,40.790000915527344,1600,VERS
2022-08-16,40.60232162475586,41.27099990844727,41.47999954223633,40.09999847412109,40.709999084472656,3900,VERS
2022-08-17,39.210243225097656,39.85599899291992,40.4900016784668,39.85599899291992,39.95299911499024,2300,VERS
2022-08-18,39.16007614135742,39.80500030517578,39.90999984741211,39.80500030517578,39.869998931884766,700,VERS
2022-08-19,37.42662048339844,38.042999267578125,38.22999954223633,38.042999267578125,38.22999954223633,300,VERS
2022-08-22,36.13292694091797,36.72800064086914,37.220001220703125,36.650001525878906,37.220001220703125,9500,VERS
2022-08-23,35.93321990966797,36.525001525878906,37.119998931884766,36.525001525878906,37.119998931884766,1200,VERS
2022-08-24,36.23032379150391,36.82699966430664,37.18000030517578,36.82699966430664,37.18000030517578,600,VERS
2022-08-25,37.19739532470703,37.810001373291016,37.810001373291016,37.27000045776367,37.4900016784668,700,VERS
2022-08-26,35.423606872558594,36.00699996948242,37.95000076293945,36.0,37.95000076293945,1000,VERS
2022-08-29,34.92285919189453,35.49800109863281,35.70000076293945,35.41999816894531,35.41999816894531,600,VERS
2022-08-30,34.46539306640625,35.03300094604492,35.22999954223633,35.03300094604492,35.22999954223633,900,VERS
2022-08-31,34.464412689208984,35.03200149536133,35.03200149536133,34.86000061035156,34.86000061035156,700,VERS
2022-09-01,33.89872360229492,34.457000732421875,34.457000732421875,33.619998931884766,33.81999969482422,700,VERS
2022-09-02,33.386165618896484,33.93600082397461,34.7599983215332,33.93600082397461,34.7599983215332,200,VERS
2022-09-06,33.00740432739258,33.55099868774414,33.97999954223633,33.29999923706055,33.97999954223633,700,VERS
2022-09-07,33.884944915771484,34.44300079345703,34.44300079345703,33.560001373291016,33.560001373291016,200,VERS
2022-09-08,34.35422134399414,34.91999816894531,34.91999816894531,34.4900016784668,34.4900016784668,1000,VERS
2022-09-09,35.634132385253906,36.22100067138672,36.22100067138672,35.90999984741211,35.90999984741211,400,VERS
2022-09-12,36.02372360229492,36.617000579833984,36.617000579833984,36.08000183105469,36.5629997253418,1000,VERS
2022-09-13,34.003990173339844,34.56399917602539,35.215999603271484,34.56399917602539,35.209999084472656,2500,VERS
2022-09-14,34.157466888427734,34.720001220703125,34.77000045776367,34.52000045776367,34.77000045776367,700,VERS
2022-09-15,33.73246383666992,34.28799819946289,34.54999923706055,34.28799819946289,34.54999923706055,1300,VERS
2022-09-16,32.95230484008789,33.494998931884766,33.494998931884766,33.279998779296875,33.45000076293945,1000,VERS
2022-09-19,33.00937271118164,33.553001403808594,33.553001403808594,33.220001220703125,33.220001220703125,1300,VERS
2022-09-20,32.30890655517578,32.840999603271484,33.04999923706055,32.840999603271484,33.0,800,VERS
2022-09-21,32.03837966918945,32.45000076293945,33.435001373291016,32.45000076293945,33.40999984741211,700,VERS
2022-09-22,31.012561798095703,31.410999298095703,31.979999542236328,31.299999237060547,31.979999542236328,4400,VERS
2022-09-23,30.37969207763672,30.770000457763672,30.77899932861328,30.350000381469727,30.77899932861328,2000,VERS
2022-09-26,29.967979431152344,30.35300064086914,30.75,30.35300064086914,30.75,600,VERS
2022-09-27,30.209869384765625,30.597999572753903,31.1299991607666,30.530000686645508,31.1299991607666,1800,VERS
2022-09-28,31.00959587097168,31.40800094604492,31.416000366210938,30.959999084472656,30.96999931335449,9400,VERS
2022-09-29,29.827783584594727,30.211000442504883,30.46999931335449,30.020000457763672,30.46999931335449,700,VERS
2022-09-30,29.45951461791992,29.83799934387207,30.30500030517578,29.83799934387207,30.30500030517578,2500,VERS
2022-10-03,30.236528396606445,30.625,30.625,30.100000381469727,30.100000381469727,1000,VERS
2022-10-04,31.70367813110352,32.11100006103516,32.11100006103516,31.96999931335449,31.96999931335449,600,VERS
2022-10-05,31.549659729003903,31.95499992370605,31.95499992370605,31.165000915527344,31.165000915527344,400,VERS
2022-10-06,31.552623748779297,31.95800018310547,32.130001068115234,31.95800018310547,32.130001068115234,900,VERS
2022-10-07,29.792240142822266,30.174999237060547,30.549999237060547,30.174999237060547,30.549999237060547,400,VERS
2022-10-10,29.156408309936523,29.5310001373291,29.5310001373291,29.399999618530277,29.450000762939453,800,VERS
2022-10-11,28.59956359863281,28.96699905395508,28.96699905395508,28.51000022888184,28.559999465942383,800,VERS
2022-10-12,28.749631881713867,29.11899948120117,29.11899948120117,29.11899948120117,29.11899948120117,100,VERS
2022-10-13,29.38348960876465,29.76099967956543,29.76099967956543,27.780000686645508,28.18000030517578,5200,VERS
2022-10-14,28.077272415161133,28.4379997253418,28.4379997253418,28.4379997253418,28.4379997253418,100,VERS
2022-10-17,29.497032165527344,29.875999450683597,29.899999618530277,29.8700008392334,29.8700008392334,500,VERS
2022-10-18,29.78730010986328,30.170000076293945,30.170000076293945,30.170000076293945,30.170000076293945,200,VERS
2022-10-19,29.187015533447266,29.562000274658203,29.790000915527344,29.562000274658203,29.790000915527344,400,VERS
2022-10-20,29.24131774902344,29.617000579833984,29.809999465942383,29.617000579833984,29.809999465942383,300,VERS
2022-10-21,29.360782623291016,29.738000869750977,29.738000869750977,29.738000869750977,29.738000869750977,600,VERS
2022-10-24,29.25020217895508,29.625999450683597,29.809999465942383,29.61000061035156,29.809999465942383,700,VERS
2022-10-25,30.49323272705078,30.88500022888184,30.88500022888184,30.08300018310547,30.08300018310547,300,VERS
2022-10-26,30.060791015625,30.44700050354004,31.190000534057617,30.44700050354004,30.96999931335449,1000,VERS
2022-10-27,29.226505279541016,29.601999282836918,29.601999282836918,29.601999282836918,29.601999282836918,300,VERS
2022-10-28,29.770517349243164,30.152999877929688,30.190000534057617,29.98500061035156,30.01000022888184,800,VERS
2022-10-31,29.39632606506348,29.77400016784668,29.77400016784668,29.71999931335449,29.71999931335449,500,VERS
2022-11-01,29.2659969329834,29.642000198364254,29.642000198364254,29.642000198364254,29.642000198364254,100,VERS
2022-11-02,28.13058853149414,28.492000579833984,29.46999931335449,28.492000579833984,29.46999931335449,400,VERS
2022-11-03,27.49870491027832,27.851999282836918,28.209999084472656,27.851999282836918,28.209999084472656,400,VERS
2022-11-04,27.928186416625977,28.28700065612793,28.28700065612793,27.729999542236328,27.78700065612793,500,VERS
2022-11-07,28.254987716674805,28.618000030517575,28.618000030517575,28.32999992370605,28.32999992370605,1000,VERS
2022-11-08,28.212535858154297,28.575000762939453,28.575000762939453,28.354999542236328,28.354999542236328,900,VERS
2022-11-09,26.70786476135254,27.051000595092773,27.649999618530277,27.051000595092773,27.63999938964844,1100,VERS
2022-11-10,29.247241973876957,29.62299919128418,29.62299919128418,29.62299919128418,29.62299919128418,200,VERS
2022-11-11,30.849655151367188,31.246000289916992,31.246000289916992,30.729999542236328,30.729999542236328,400,VERS
2022-11-14,30.35500717163086,30.7450008392334,31.100000381469727,30.700000762939453,30.75,800,VERS
2022-11-15,31.41637420654297,31.81999969482422,31.899999618530277,31.81999969482422,31.899999618530277,600,VERS
2022-11-16,30.47348976135254,30.864999771118164,30.8799991607666,30.864999771118164,30.8799991607666,200,VERS
2022-11-17,30.26713752746582,30.6560001373291,30.8799991607666,30.59000015258789,30.71199989318848,600,VERS
2022-11-18,30.16939353942871,30.55699920654297,31.0,30.5,30.96999931335449,4300,VERS
2022-11-21,29.72905158996582,30.11100006103516,30.38999938964844,29.989999771118164,30.38999938964844,700,VERS
2022-11-22,30.131874084472656,30.518999099731445,30.518999099731445,30.170000076293945,30.170000076293945,400,VERS
2022-11-23,30.716365814208984,31.11100006103516,31.11100006103516,30.489999771118164,30.489999771118164,1400,VERS
2022-11-25,30.338224411010746,30.72800064086914,31.09000015258789,30.72800064086914,31.09000015258789,400,VERS
2022-11-28,29.587865829467773,29.968000411987305,30.350000381469727,29.961000442504883,30.350000381469727,500,VERS
2022-11-29,29.53652572631836,29.916000366210938,29.916000366210938,29.916000366210938,29.916000366210938,100,VERS
2022-11-30,31.10832977294922,31.507999420166016,31.507999420166016,30.06999969482422,30.06999969482422,1800,VERS
2022-12-01,31.50029563903809,31.905000686645508,31.905000686645508,31.600000381469727,31.600000381469727,1100,VERS
2022-12-02,31.46080017089844,31.864999771118164,31.864999771118164,31.63999938964844,31.63999938964844,400,VERS
2022-12-05,30.65317916870117,31.04700088500977,31.04700088500977,30.958999633789062,30.958999633789062,200,VERS
2022-12-06,29.79717445373535,30.18000030517578,30.479999542236328,30.10099983215332,30.479999542236328,2000,VERS
2022-12-07,29.500980377197266,29.8799991607666,29.88999938964844,29.8799991607666,29.88999938964844,400,VERS
2022-12-08,30.166433334350582,30.554000854492188,30.554000854492188,30.540000915527344,30.540000915527344,100,VERS
2022-12-09,29.82975578308105,30.21299934387207,30.61000061035156,30.21299934387207,30.61000061035156,300,VERS
2022-12-12,30.19802665710449,30.586000442504883,30.586000442504883,30.559999465942383,30.559999465942383,300,VERS
2022-12-13,30.600849151611328,30.99399948120117,31.229999542236328,30.99399948120117,31.229999542236328,300,VERS
2022-12-14,30.46953773498535,30.86100006103516,31.190000534057617,30.86100006103516,31.190000534057617,400,VERS
2022-12-15,29.071496963500977,29.44499969482422,29.68000030517578,29.44499969482422,29.65999984741211,400,VERS
2022-12-16,28.923402786254883,29.295000076293945,29.36000061035156,29.100000381469727,29.1299991607666,800,VERS
2022-12-19,27.9992733001709,28.358999252319336,28.58799934387207,28.358999252319336,28.58799934387207,300,VERS
2022-12-20,28.13453483581543,28.496000289916992,28.549999237060547,28.270000457763672,28.270000457763672,900,VERS
2022-12-21,28.579816818237305,28.94700050354004,29.06999969482422,28.94700050354004,29.06999969482422,100,VERS
2022-12-22,27.86978912353516,28.222000122070312,28.222000122070312,27.65999984741211,27.65999984741211,400,VERS
2022-12-23,27.821401596069336,28.17300033569336,28.17300033569336,28.030000686645508,28.030000686645508,400,VERS
2022-12-27,27.08471298217773,27.427000045776367,27.70499992370605,27.38999938964844,27.70499992370605,3700,VERS
2022-12-28,26.76573944091797,27.10400009155273,27.239999771118164,27.10400009155273,27.239999771118164,900,VERS
2022-12-29,27.76313781738281,28.11400032043457,28.145000457763672,27.38999938964844,27.38999938964844,2300,VERS
2022-12-30,27.821401596069336,28.17300033569336,28.17300033569336,28.11000061035156,28.11000061035156,400,VERS
2023-01-03,27.762149810791016,28.113000869750977,28.850000381469727,28.113000869750977,28.690000534057617,1500,VERS
2023-01-04,28.326025009155277,28.68400001525879,28.68400001525879,28.3799991607666,28.3799991607666,400,VERS
2023-01-05,27.67524719238281,28.024999618530277,28.149999618530277,28.024999618530277,28.149999618530277,100,VERS
2023-01-06,28.413917541503903,28.77300071716309,28.77300071716309,28.77300071716309,28.77300071716309,200,VERS
2023-01-09,29.11505126953125,29.482999801635746,29.815000534057617,29.482999801635746,29.815000534057617,300,VERS
2023-01-10,29.720401763916016,30.09600067138672,30.09600067138672,29.299999237060547,29.299999237060547,1600,VERS
2023-01-11,30.32871437072754,30.71199989318848,30.71199989318848,30.520000457763672,30.600000381469727,800,VERS
2023-01-12,30.76223373413086,31.150999069213867,31.150999069213867,30.82999992370605,31.06999969482422,500,VERS
2023-01-13,31.09108161926269,31.483999252319336,31.483999252319336,30.649999618530277,30.649999618530277,400,VERS
2023-01-17,31.462385177612305,31.86000061035156,31.86000061035156,31.57200050354004,31.57200050354004,600,VERS
2023-01-18,31.1779842376709,31.57200050354004,31.57200050354004,31.46999931335449,31.46999931335449,400,VERS
2023-01-19,30.45116806030273,30.836000442504883,31.01000022888184,30.799999237060547,31.0,1200,VERS
2023-01-20,31.527563095092773,31.926000595092773,31.926000595092773,31.290000915527344,31.299999237060547,500,VERS
2023-01-23,32.686912536621094,33.099998474121094,33.099998474121094,33.099998474121094,33.099998474121094,300,VERS
2023-01-24,32.357078552246094,32.76599884033203,33.00400161743164,32.76599884033203,32.95000076293945,300,VERS
2023-01-25,32.29684066772461,32.70500183105469,32.70500183105469,32.70500183105469,32.70500183105469,100,VERS
2023-01-26,32.96934509277344,33.38600158691406,33.5099983215332,32.91999816894531,33.5099983215332,600,VERS
2023-01-27,33.58950424194336,34.013999938964844,34.08000183105469,34.013999938964844,34.08000183105469,1200,VERS
2023-01-30,32.544708251953125,32.95600128173828,33.47999954223633,32.95600128173828,33.47999954223633,500,VERS
2023-01-31,33.3001594543457,33.72100067138672,33.72700119018555,32.97999954223633,32.97999954223633,800,VERS
2023-02-01,34.18794250488281,34.619998931884766,34.619998931884766,33.47999954223633,33.709999084472656,800,VERS
2023-02-02,35.99608612060547,36.45100021362305,37.04499816894531,35.849998474121094,35.849998474121094,2300,VERS
2023-02-03,35.13892364501953,35.58300018310547,36.49100112915039,35.58300018310547,36.45000076293945,1200,VERS
2023-02-06,34.71725082397461,35.15599822998047,35.209999084472656,35.15599822998047,35.209999084472656,2400,VERS
2023-02-07,35.36507034301758,35.8120002746582,35.8120002746582,34.939998626708984,35.19599914550781,1900,VERS
2023-02-08,34.45555877685547,34.89099884033203,35.150001525878906,34.89099884033203,35.150001525878906,300,VERS
2023-02-09,33.79194641113281,34.21900177001953,35.470001220703125,34.21900177001953,35.470001220703125,900,VERS
2023-02-10,33.136234283447266,33.55500030517578,33.55500030517578,33.55500030517578,33.55500030517578,300,VERS
2023-02-13,33.55494689941406,33.979000091552734,33.979000091552734,33.849998474121094,33.849998474121094,400,VERS
2023-02-14,33.98451614379883,34.41400146484375,34.41400146484375,33.762001037597656,33.779998779296875,1500,VERS
2023-02-15,34.8416862487793,35.28200149536133,35.28200149536133,34.470001220703125,34.470001220703125,1300,VERS
2023-02-16,34.07733917236328,34.507999420166016,35.03499984741211,34.507999420166016,35.03499984741211,400,VERS
2023-02-17,33.45125198364258,33.874000549316406,33.874000549316406,33.874000549316406,33.874000549316406,300,VERS
2023-02-21,32.20796203613281,32.6150016784668,33.47999954223633,32.61000061035156,33.47999954223633,800,VERS
2023-02-22,32.30573272705078,32.7140007019043,32.810001373291016,32.7140007019043,32.810001373291016,300,VERS
2023-02-23,32.59210968017578,33.00400161743164,33.00400161743164,33.00400161743164,33.00400161743164,100,VERS
2023-02-24,31.73691749572754,32.13800048828125,32.13800048828125,31.979999542236328,31.979999542236328,200,VERS
2023-02-27,31.69642639160156,32.09700012207031,32.33000183105469,32.09000015258789,32.33000183105469,1100,VERS
2023-02-28,31.757652282714844,32.15900039672852,32.18000030517578,32.15900039672852,32.18000030517578,200,VERS
2023-03-01,31.35869789123535,31.7549991607666,32.18000030517578,31.7549991607666,32.0,800,VERS
2023-03-02,31.621376037597656,32.020999908447266,32.020999908447266,31.3700008392334,31.3700008392334,2800,VERS
2023-03-03,32.3758430480957,32.78499984741211,32.78499984741211,32.119998931884766,32.119998931884766,3100,VERS
2023-03-06,32.329429626464844,32.737998962402344,32.917999267578125,32.737998962402344,32.917999267578125,3500,VERS
2023-03-07,31.93738555908203,32.340999603271484,32.68000030517578,32.32699966430664,32.68000030517578,1700,VERS
2023-03-08,32.136863708496094,32.542999267578125,32.542999267578125,32.27000045776367,32.27000045776367,6600,VERS
2023-03-09,31.278709411621094,31.673999786376957,32.83000183105469,31.673999786376957,32.83000183105469,1100,VERS
2023-03-10,30.535106658935547,30.92099952697754,31.61000061035156,30.780000686645508,31.61000061035156,700,VERS
2023-03-13,30.660520553588867,31.04800033569336,31.100000381469727,30.290000915527344,30.600000381469727,1100,VERS
2023-03-14,31.330060958862305,31.72599983215332,31.72599983215332,31.72599983215332,31.72599983215332,100,VERS
2023-03-15,31.186866760253903,31.58099937438965,31.58099937438965,31.3799991607666,31.440000534057617,3200,VERS
2023-03-16,32.3314094543457,32.7400016784668,32.7400016784668,31.81999969482422,31.81999969482422,1000,VERS
2023-03-17,31.86825561523437,32.270999908447266,32.270999908447266,32.270999908447266,32.270999908447266,300,VERS
2023-03-20,31.867271423339844,32.27000045776367,32.27000045776367,31.98200035095215,32.0,600,VERS
2023-03-21,32.607913970947266,33.02000045776367,33.02000045776367,32.76499938964844,32.76499938964844,200,VERS
2023-03-22,31.96061515808105,32.340999603271484,32.340999603271484,32.340999603271484,32.340999603271484,100,VERS
2023-03-23,32.53774642944336,32.92499923706055,32.92499923706055,32.91999816894531,32.91999816894531,600,VERS
2023-03-24,32.64249801635742,33.03099822998047,33.03099822998047,32.88999938964844,33.0,600,VERS
2023-03-27,32.463626861572266,32.849998474121094,32.849998474121094,32.849998474121094,32.849998474121094,400,VERS
2023-03-28,32.07623672485352,32.45800018310547,32.45800018310547,32.45800018310547,32.45800018310547,200,VERS
2023-03-29,32.793701171875,33.18399810791016,33.22999954223633,33.02000045776367,33.029998779296875,800,VERS
2023-03-30,33.17121124267578,33.566001892089844,33.64500045776367,33.54999923706055,33.560001373291016,1400,VERS
2023-03-31,33.96278381347656,34.367000579833984,34.367000579833984,33.66999816894531,33.66999816894531,1300,VERS
2023-04-03,33.83234024047852,34.23500061035156,34.23500061035156,33.79800033569336,34.16999816894531,700,VERS
2023-04-04,33.53389358520508,33.93299865722656,34.220001220703125,33.900001525878906,34.220001220703125,6600,VERS
2023-04-05,32.85101318359375,33.242000579833984,33.70000076293945,33.0099983215332,33.70000076293945,400,VERS
2023-04-06,32.94490051269531,33.33700180053711,33.33700180053711,33.029998779296875,33.040000915527344,2000,VERS
2023-04-10,33.12771987915039,33.52199935913086,33.52199935913086,33.130001068115234,33.130001068115234,300,VERS
2023-04-11,33.03976821899414,33.43299865722656,33.560001373291016,33.43299865722656,33.560001373291016,300,VERS
2023-04-12,32.51007461547852,32.89699935913086,33.0,32.89699935913086,33.0,300,VERS
2023-04-13,33.07732009887695,33.47100067138672,33.58399963378906,33.36899948120117,33.36899948120117,3000,VERS
2023-04-14,32.92513656616211,33.31700134277344,33.65999984741211,33.31700134277344,33.65999984741211,300,VERS
2023-04-17,32.78282928466797,33.17300033569336,33.17300033569336,32.974998474121094,32.9900016784668,900,VERS
2023-04-18,32.68993377685547,33.07899856567383,33.07899856567383,33.07899856567383,33.07899856567383,100,VERS
2023-04-19,32.56739807128906,32.95500183105469,32.9900016784668,32.95500183105469,32.9900016784668,200,VERS
2023-04-20,32.135536193847656,32.518001556396484,32.518001556396484,32.518001556396484,32.518001556396484,200,VERS
2023-04-21,32.07426071166992,32.45600128173828,32.45600128173828,32.45600128173828,32.45600128173828,200,VERS
2023-04-24,31.89044952392578,32.27000045776367,32.27000045776367,32.27000045776367,32.27000045776367,200,VERS
2023-04-25,31.083057403564453,31.452999114990234,32.06399917602539,31.452999114990234,32.06399917602539,300,VERS
2023-04-26,31.11665725708008,31.48699951171875,31.68000030517578,31.48699951171875,31.68000030517578,400,VERS
2023-04-27,31.78075218200684,32.15900039672852,32.15900039672852,31.799999237060547,31.799999237060547,600,VERS
2023-04-28,31.75111198425293,32.12900161743164,32.12900161743164,32.12900161743164,32.12900161743164,100,VERS
2023-05-01,31.80447196960449,32.18299865722656,32.18299865722656,32.130001068115234,32.130001068115234,300,VERS
2023-05-02,31.35284805297852,31.72599983215332,31.72599983215332,31.61000061035156,31.6200008392334,800,VERS
2023-05-03,31.16706085205078,31.538000106811523,31.649999618530277,31.538000106811523,31.649999618530277,300,VERS
2023-05-04,30.797456741333008,31.16399955749512,31.18000030517578,31.15999984741211,31.15999984741211,300,VERS
2023-05-05,31.62955665588379,32.00600051879883,32.00600051879883,31.780000686645508,31.78300094604492,900,VERS
2023-05-08,32.09798049926758,32.47999954223633,32.47999954223633,32.060001373291016,32.060001373291016,400,VERS
2023-05-09,32.1108283996582,32.49300003051758,32.49300003051758,32.49300003051758,32.49300003051758,100,VERS
2023-05-10,32.287723541259766,32.672000885009766,32.672000885009766,32.672000885009766,32.672000885009766,100,VERS
2023-05-11,32.18593215942383,32.569000244140625,32.569000244140625,32.54999923706055,32.54999923706055,200,VERS
2023-05-12,31.7916202545166,32.16999816894531,32.22999954223633,32.16999816894531,32.22999954223633,300,VERS
2023-05-15,32.36579132080078,32.750999450683594,32.750999450683594,32.13999938964844,32.13999938964844,600,VERS
2023-05-16,32.37370300292969,32.75899887084961,32.88999938964844,32.689998626708984,32.689998626708984,400,VERS
2023-05-17,33.34908676147461,33.74599838256836,33.74599838256836,32.959999084472656,32.959999084472656,1900,VERS
2023-05-18,33.939064025878906,34.34299850463867,34.34299850463867,34.0099983215332,34.0099983215332,200,VERS
2023-05-19,33.91139221191406,34.314998626708984,34.314998626708984,34.310001373291016,34.310001373291016,700,VERS
2023-05-22,34.42527389526367,34.834999084472656,34.91999816894531,34.790000915527344,34.790000915527344,800,VERS
2023-05-23,34.011207580566406,34.41600036621094,34.41600036621094,34.41600036621094,34.41600036621094,100,VERS
2023-05-24,33.79774856567383,34.20000076293945,34.20000076293945,34.02000045776367,34.119998931884766,500,VERS
2023-05-25,34.40057373046875,34.810001373291016,34.810001373291016,34.66899871826172,34.720001220703125,1000,VERS
2023-05-26,35.678367614746094,36.10300064086914,36.10300064086914,35.95000076293945,35.95000076293945,800,VERS
2023-05-30,36.278228759765625,36.709999084472656,36.970001220703125,36.5099983215332,36.869998931884766,900,VERS
2023-05-31,36.01140213012695,36.43999862670898,36.43999862670898,36.130001068115234,36.43999862670898,1200,VERS
2023-06-01,36.55691146850586,36.992000579833984,37.20000076293945,36.47999954223633,36.47999954223633,1000,VERS
2023-06-02,36.91069412231445,37.34999847412109,37.59999847412109,37.23699951171875,37.459999084472656,2100,VERS
2023-06-05,37.01644134521485,37.45700073242188,37.66999816894531,37.22999954223633,37.2400016784668,2000,VERS
2023-06-06,37.84754943847656,38.29800033569336,38.387001037597656,38.29800033569336,38.387001037597656,700,VERS
2023-06-07,37.57380676269531,38.02099990844727,38.47499847412109,38.02099990844727,38.47499847412109,900,VERS
2023-06-08,38.26359558105469,38.71900177001953,38.71900177001953,38.130001068115234,38.13999938964844,2700,VERS
2023-06-09,38.09362030029297,38.547000885009766,39.060001373291016,38.547000885009766,39.060001373291016,900,VERS
2023-06-12,38.47014236450195,38.928001403808594,39.06999969482422,38.81999969482422,38.83000183105469,1700,VERS
2023-06-13,39.26567077636719,39.733001708984375,39.7400016784668,39.547000885009766,39.547000885009766,1700,VERS
2023-06-14,38.923736572265625,39.387001037597656,39.720001220703125,39.11000061035156,39.720001220703125,2700,VERS
2023-06-15,39.45541763305664,39.92499923706055,39.92499923706055,39.63899993896485,39.70000076293945,2100,VERS
2023-06-16,39.09964370727539,39.56499862670898,40.0,39.56499862670898,40.0,2000,VERS
2023-06-20,38.62232971191406,39.08200073242188,39.54999923706055,38.880001068115234,39.2400016784668,1700,VERS
2023-06-21,37.76145553588867,38.1619987487793,38.77999877929688,38.1619987487793,38.77999877929688,1900,VERS
2023-06-22,37.80202865600586,38.20299911499024,38.20299911499024,37.81999969482422,37.81999969482422,1300,VERS
2023-06-23,37.26176071166992,37.65700149536133,37.84000015258789,37.59999847412109,37.59999847412109,400,VERS
2023-06-26,37.08958435058594,37.483001708984375,37.869998931884766,37.483001708984375,37.63999938964844,1000,VERS
2023-06-27,38.1443977355957,38.54899978637695,38.59999847412109,38.54899978637695,38.56999969482422,400,VERS
2023-06-28,38.14736557006836,38.55199813842773,38.61000061035156,38.54999923706055,38.61000061035156,400,VERS
2023-06-29,38.43135452270508,38.8390007019043,38.8390007019043,38.790000915527344,38.8120002746582,500,VERS
2023-06-30,38.93204498291016,39.345001220703125,39.5989990234375,39.33000183105469,39.5989990234375,800,VERS
2023-07-03,39.17051315307617,39.58599853515625,39.58599853515625,39.400001525878906,39.470001220703125,3300,VERS
2023-07-05,38.74403762817383,39.15499877929688,39.40999984741211,39.15499877929688,39.25,1900,VERS
2023-07-06,38.03258514404297,38.43600082397461,38.43999862670898,38.119998931884766,38.43999862670898,500,VERS
2023-07-07,38.32151412963867,38.72800064086914,38.72800064086914,38.72800064086914,38.72800064086914,200,VERS
2023-07-10,38.89543151855469,39.30799865722656,39.30799865722656,39.27000045776367,39.27000045776367,600,VERS
2023-07-11,39.80379867553711,40.22600173950195,40.22600173950195,39.75,39.75,1200,VERS
2023-07-12,40.98624801635742,41.42100143432617,41.5,40.84999847412109,40.84999847412109,3000,VERS
2023-07-13,41.79269790649414,42.23600006103516,42.23600006103516,42.18000030517578,42.18999862670898,2000,VERS
2023-07-14,40.97734832763672,41.4119987487793,42.25,41.4119987487793,42.25,1100,VERS
2023-07-17,41.76795959472656,42.21099853515625,42.27999877929688,41.68000030517578,41.68000030517578,1900,VERS
2023-07-18,41.57599639892578,42.016998291015625,42.02999877929688,41.68000030517578,41.86000061035156,1300,VERS
2023-07-19,41.58193206787109,42.02299880981445,42.4900016784668,41.93999862670898,42.4900016784668,500,VERS
2023-07-20,40.18574523925781,40.61199951171875,41.65999984741211,40.61199951171875,41.65999984741211,1500,VERS
2023-07-21,39.89384078979492,40.31700134277344,40.540000915527344,40.31700134277344,40.540000915527344,4300,VERS
2023-07-24,39.59303283691406,40.01300048828125,40.01300048828125,39.970001220703125,40.0099983215332,1300,VERS
2023-07-25,39.90571212768555,40.32899856567383,40.52000045776367,40.32899856567383,40.52000045776367,400,VERS
2023-07-26,39.69396209716797,40.1150016784668,40.1150016784668,39.900001525878906,39.900001525878906,400,VERS
2023-07-27,39.360496520996094,39.77799987792969,41.119998931884766,39.720001220703125,40.95000076293945,1300,VERS
2023-07-28,40.49447250366211,40.92399978637695,40.92399978637695,40.525001525878906,40.525001525878906,1100,VERS
2023-07-31,41.23956298828125,41.67699813842773,41.67699813842773,41.25,41.25,600,VERS
2023-08-01,41.120826721191406,41.55699920654297,41.56999969482422,41.55699920654297,41.56999969482422,200,VERS
2023-08-02,39.758277893066406,40.18000030517578,40.7400016784668,40.13999938964844,40.7400016784668,1100,VERS
2023-08-03,39.54949569702149,39.96900177001953,39.96900177001953,39.95000076293945,39.95000076293945,300,VERS
2023-08-04,39.55839920043945,39.97800064086914,40.72999954223633,39.97800064086914,40.72999954223633,1600,VERS
2023-08-07,39.337738037109375,39.755001068115234,39.755001068115234,39.637001037597656,39.63999938964844,700,VERS
2023-08-08,38.98646545410156,39.400001525878906,39.400001525878906,39.400001525878906,39.400001525878906,300,VERS
2023-08-09,37.568504333496094,37.96699905395508,39.27999877929688,37.96699905395508,39.27999877929688,2900,VERS
2023-08-10,37.40127944946289,37.79800033569336,37.79800033569336,37.79800033569336,37.79800033569336,200,VERS
2023-08-11,37.269676208496094,37.665000915527344,37.665000915527344,37.5099983215332,37.5099983215332,2200,VERS
2023-08-14,37.554649353027344,37.95299911499024,37.95299911499024,37.93000030517578,37.93000030517578,600,VERS
2023-08-15,36.939186096191406,37.33100128173828,37.33100128173828,37.33100128173828,37.33100128173828,100,VERS
2023-08-16,35.982330322265625,36.36399841308594,36.75199890136719,36.36399841308594,36.720001220703125,1700,VERS
2023-08-17,35.412376403808594,35.78799819946289,36.20000076293945,35.78799819946289,36.20000076293945,1800,VERS
2023-08-18,35.36587142944336,35.74100112915039,35.74100112915039,35.25,35.25,400,VERS
2023-08-21,35.763648986816406,36.14300155639648,36.14300155639648,35.8390007019043,35.8390007019043,300,VERS
2023-08-22,35.63501739501953,36.01300048828125,36.58000183105469,36.01300048828125,36.58000183105469,300,VERS
2023-08-23,36.304908752441406,36.68999862670898,36.68999862670898,36.68999862670898,36.68999862670898,100,VERS
2023-08-24,35.53310012817383,35.90999984741211,36.40999984741211,35.90999984741211,36.40999984741211,1000,VERS
2023-08-25,35.774532318115234,36.15399932861328,36.15399932861328,35.90999984741211,35.90999984741211,4300,VERS
2023-08-28,36.18914031982422,36.573001861572266,36.573001861572266,36.4900016784668,36.4900016784668,1200,VERS
2023-08-29,37.01735305786133,37.40999984741211,37.40999984741211,37.369998931884766,37.369998931884766,600,VERS
2023-08-30,37.01141357421875,37.40399932861328,37.40399932861328,37.40399932861328,37.40399932861328,100,VERS
2023-08-31,37.097503662109375,37.49100112915039,37.75,37.49100112915039,37.650001525878906,1000,VERS
2023-09-01,37.46361923217773,37.86100006103516,37.869998931884766,37.83599853515625,37.86000061035156,2200,VERS
2023-09-05,37.68725204467773,38.08700180053711,38.08700180053711,38.08700180053711,38.08700180053711,100,VERS
2023-09-06,37.10344314575195,37.49700164794922,37.49700164794922,37.49700164794922,37.49700164794922,100,VERS
2023-09-07,36.85506820678711,37.24599838256836,37.24599838256836,37.20000076293945,37.20000076293945,200,VERS
2023-09-08,36.62847137451172,37.016998291015625,37.016998291015625,36.95000076293945,36.95000076293945,300,VERS
2023-09-11,36.48005294799805,36.867000579833984,36.867000579833984,36.867000579833984,36.867000579833984,100,VERS
2023-09-12,36.28808975219727,36.67300033569336,36.67300033569336,36.67300033569336,36.67300033569336,300,VERS
2023-09-13,36.047637939453125,36.43000030517578,36.58000183105469,36.43000030517578,36.58000183105469,200,VERS
2023-09-14,36.37417602539063,36.7599983215332,36.7599983215332,36.59000015258789,36.59000015258789,300,VERS
2023-09-15,35.87447738647461,36.255001068115234,36.255001068115234,36.21500015258789,36.22999954223633,600,VERS
2023-09-18,35.65481185913086,36.03300094604492,36.09000015258789,36.03300094604492,36.09000015258789,1300,VERS
2023-09-19,35.57960891723633,35.957000732421875,35.970001220703125,35.957000732421875,35.970001220703125,300,VERS
2023-09-20,35.05095291137695,35.27299880981445,35.81999969482422,35.27299880981445,35.81999969482422,300,VERS
2023-09-21,34.240089416503906,34.457000732421875,34.529998779296875,34.457000732421875,34.529998779296875,300,VERS
2023-09-22,34.24704360961914,34.4640007019043,34.4640007019043,34.439998626708984,34.439998626708984,300,VERS
2023-09-25,34.46466445922852,34.68299865722656,34.68299865722656,34.630001068115234,34.630001068115234,400,VERS
2023-09-26,34.01451873779297,34.22999954223633,34.38999938964844,34.22999954223633,34.38999938964844,400,VERS
2023-09-27,34.2838134765625,34.500999450683594,34.540000915527344,34.31999969482422,34.31999969482422,400,VERS
2023-09-28,34.68824768066406,34.90800094604492,34.90800094604492,34.8390007019043,34.849998474121094,600,VERS
2023-09-29,34.907859802246094,35.12900161743164,35.44499969482422,35.12900161743164,35.44499969482422,300,VERS
2023-10-02,34.899906158447266,35.12099838256836,35.12099838256836,35.12099838256836,35.12099838256836,100,VERS
2023-10-03,34.07513427734375,34.29100036621094,34.310001373291016,34.29100036621094,34.29999923706055,1600,VERS
2023-10-04,34.49845504760742,34.71699905395508,34.71699905395508,34.71699905395508,34.71699905395508,200,VERS
2023-10-05,34.402061462402344,34.619998931884766,34.619998931884766,34.582000732421875,34.582000732421875,800,VERS
2023-10-06,34.98537063598633,35.207000732421875,35.2599983215332,34.470001220703125,34.470001220703125,900,VERS
2023-10-09,34.866119384765625,35.08700180053711,35.09000015258789,34.900001525878906,34.900001525878906,1400,VERS
2023-10-10,35.41862106323242,35.643001556396484,35.70000076293945,35.630001068115234,35.630001068115234,1400,VERS
2023-10-11,35.689903259277344,35.91600036621094,35.93000030517578,35.86000061035156,35.93000030517578,1500,VERS
2023-10-12,35.30036926269531,35.52399826049805,35.52399826049805,35.52399826049805,35.52399826049805,100,VERS
2023-10-13,34.51435470581055,34.733001708984375,35.040000915527344,34.733001708984375,35.040000915527344,300,VERS
2023-10-16,35.25267791748047,35.47600173950195,35.47600173950195,35.47600173950195,35.47600173950195,400,VERS
2023-10-17,35.46135711669922,35.68600082397461,35.68600082397461,35.68600082397461,35.68600082397461,200,VERS
2023-10-18,34.554100036621094,34.77299880981445,35.0,34.77299880981445,35.0,500,VERS
2023-10-19,34.33250045776367,34.54999923706055,34.790000915527344,34.529998779296875,34.790000915527344,700,VERS
2023-10-20,33.78794860839844,34.00199890136719,34.00199890136719,34.00199890136719,34.00199890136719,100,VERS
2023-10-23,33.62299728393555,33.83599853515625,33.880001068115234,33.68000030517578,33.81999969482422,600,VERS
2023-10-24,34.211273193359375,34.428001403808594,34.439998626708984,34.09000015258789,34.09000015258789,1000,VERS
2023-10-25,33.15099334716797,33.36100006103516,33.36100006103516,33.36100006103516,33.36100006103516,100,VERS
2023-10-26,32.741580963134766,32.94900131225586,33.189998626708984,32.93000030517578,32.95000076293945,1100,VERS
2023-10-27,32.69785690307617,32.904998779296875,32.904998779296875,32.904998779296875,32.904998779296875,100,VERS
2023-10-30,33.05360412597656,33.26300048828125,33.26300048828125,33.119998931884766,33.119998931884766,600,VERS
2023-10-31,33.413330078125,33.625,33.625,33.2599983215332,33.2599983215332,700,VERS
2023-11-01,33.783973693847656,33.99800109863281,33.99800109863281,33.68899917602539,33.68899917602539,1000,VERS
2023-11-02,35.00225830078125,35.2239990234375,35.2239990234375,34.63999938964844,34.63999938964844,1200,VERS
2023-11-03,36.015838623046875,36.24399948120117,36.24399948120117,35.880001068115234,35.880001068115234,200,VERS
2023-11-06,35.730648040771484,35.957000732421875,36.25,35.75,36.25,2300,VERS
2023-11-07,36.155948638916016,36.3849983215332,36.5,36.380001068115234,36.5,900,VERS
2023-11-08,36.21458053588867,36.44400024414063,36.470001220703125,36.44400024414063,36.459999084472656,5700,VERS
2023-11-09,35.51997756958008,35.744998931884766,35.744998931884766,35.744998931884766,35.744998931884766,100,VERS
2023-11-10,36.02676773071289,36.255001068115234,36.255001068115234,35.7599983215332,35.7599983215332,800,VERS
2023-11-13,35.67599105834961,35.902000427246094,35.902000427246094,35.902000427246094,35.902000427246094,0,VERS
2023-11-14,37.11189651489258,37.34700012207031,37.369998931884766,37.13999938964844,37.33000183105469,900,VERS
2023-11-15,37.55110931396485,37.78900146484375,38.0,37.78900146484375,38.0,100,VERS
2023-11-16,37.333492279052734,37.56999969482422,37.56999969482422,37.56999969482422,37.56999969482422,100,VERS
2023-11-17,37.76873016357422,38.007999420166016,38.007999420166016,37.79999923706055,37.79999923706055,400,VERS
2023-11-20,38.13938522338867,38.38100051879883,38.40999984741211,38.38100051879883,38.40999984741211,400,VERS
2023-11-21,37.54415893554688,37.78200149536133,38.130001068115234,37.68000030517578,38.130001068115234,2100,VERS
2023-11-22,37.79059600830078,38.02999877929688,38.18000030517578,38.02000045776367,38.05199813842773,9800,VERS
2023-11-24,37.84027862548828,38.08000183105469,38.08000183105469,38.06999969482422,38.06999969482422,2700,VERS
2023-11-27,37.84524917602539,38.084999084472656,38.18000030517578,38.084999084472656,38.18000030517578,8600,VERS
2023-11-28,37.96250915527344,38.20299911499024,38.20299911499024,37.88999938964844,37.88999938964844,2600,VERS
2023-11-29,38.152305603027344,38.39400100708008,38.59000015258789,38.369998931884766,38.59000015258789,1800,VERS
2023-11-30,38.10162734985352,38.34299850463867,38.34299850463867,38.150001525878906,38.150001525878906,3800,VERS
2023-12-01,38.68493270874024,38.93000030517578,38.93000030517578,38.869998931884766,38.869998931884766,400,VERS
2023-12-04,38.58953475952149,38.83399963378906,38.83399963378906,38.61000061035156,38.619998931884766,800,VERS
2023-12-05,38.35601425170898,38.5989990234375,38.75,38.560001373291016,38.75,2900,VERS
2023-12-06,38.34309387207031,38.58599853515625,39.22999954223633,38.58599853515625,39.06999969482422,1000,VERS
2023-12-07,38.940311431884766,39.1870002746582,39.1870002746582,38.88999938964844,38.88999938964844,1700,VERS
2023-12-08,39.39244842529297,39.641998291015625,39.68999862670898,39.470001220703125,39.470001220703125,2300,VERS
2023-12-11,39.44710159301758,39.696998596191406,39.72999954223633,39.52000045776367,39.52000045776367,800,VERS
2023-12-12,39.62895584106445,39.880001068115234,39.900001525878906,39.880001068115234,39.900001525878906,600,VERS
2023-12-13,40.65445327758789,40.9119987487793,40.959999084472656,40.22999954223633,40.22999954223633,800,VERS
2023-12-14,41.57363510131836,41.83700180053711,42.0,41.72999954223633,42.0,1600,VERS
2023-12-15,41.75944900512695,42.02399826049805,42.02399826049805,41.875,41.875,1000,VERS
2023-12-18,41.64418411254883,41.90800094604492,41.95700073242188,41.90800094604492,41.95700073242188,500,VERS
2023-12-19,42.28214263916016,42.54999923706055,42.56999969482422,42.47499847412109,42.47499847412109,2600,VERS
2023-12-20,41.24674606323242,41.470001220703125,42.58000183105469,41.470001220703125,42.58000183105469,1600,VERS
2023-12-21,42.0523796081543,42.27999877929688,42.27999877929688,41.94499969482422,41.9900016784668,700,VERS
2023-12-22,42.15781784057617,42.38600158691406,42.5,42.25,42.2599983215332,2900,VERS
2023-12-26,42.64815902709961,42.87900161743164,42.97999954223633,42.69599914550781,42.69599914550781,1300,VERS
2023-12-27,42.68396759033203,42.915000915527344,42.91999816894531,42.915000915527344,42.91999816894531,600,VERS
2023-12-28,42.62727737426758,42.858001708984375,43.13999938964844,42.858001708984375,43.13999938964844,500,VERS
2023-12-29,42.04740905761719,42.275001525878906,42.369998931884766,42.275001525878906,42.369998931884766,500,VERS
2024-01-02,41.215911865234375,41.43899917602539,41.720001220703125,41.36000061035156,41.720001220703125,2200,VERS
2024-01-03,40.05818176269531,40.275001525878906,40.59000015258789,40.275001525878906,40.560001373291016,2000,VERS
2024-01-04,40.02933120727539,40.24599838256836,40.400001525878906,40.24599838256836,40.400001525878906,300,VERS
2024-01-05,40.012428283691406,40.229000091552734,40.2400016784668,40.150001525878906,40.150001525878906,500,VERS
2024-01-08,41.09755325317383,41.31999969482422,41.31999969482422,40.31999969482422,40.31999969482422,40400,VERS
2024-01-09,40.807125091552734,41.02799987792969,41.31999969482422,40.84000015258789,40.84000015258789,700,VERS
2024-01-10,40.89067459106445,41.11199951171875,41.209999084472656,41.09999847412109,41.119998931884766,1300,VERS
2024-01-11,40.71860122680664,40.93899917602539,40.93899917602539,40.61000061035156,40.61000061035156,600,VERS
2024-01-12,40.48586654663086,40.70500183105469,40.7599983215332,40.70500183105469,40.7599983215332,400,VERS
2024-01-16,40.09199523925781,40.30899810791016,40.30899810791016,40.30899810791016,40.30899810791016,100,VERS
2024-01-17,39.57877349853516,39.792999267578125,39.84999847412109,39.619998931884766,39.84999847412109,1500,VERS
2024-01-18,40.159629821777344,40.37699890136719,40.37699890136719,40.09999847412109,40.209999084472656,1000,VERS
2024-01-19,40.901615142822266,41.12300109863281,41.12300109863281,41.0,41.0,600,VERS
2024-01-22,41.55905532836914,41.78400039672852,42.0,41.78400039672852,42.0,400,VERS
2024-01-23,41.80074691772461,42.027000427246094,42.027000427246094,41.970001220703125,41.970001220703125,500,VERS
2024-01-24,41.715213775634766,41.94100189208984,42.40999984741211,41.94100189208984,42.40999984741211,700,VERS
2024-01-25,42.0911750793457,42.31900024414063,42.31900024414063,42.31900024414063,42.31900024414063,300,VERS
2024-01-26,41.6754264831543,41.9010009765625,42.119998931884766,41.9010009765625,42.119998931884766,500,VERS
2024-01-29,42.35773468017578,42.58700180053711,42.58700180053711,42.0260009765625,42.0260009765625,600,VERS
2024-01-30,41.53021240234375,41.755001068115234,42.22600173950195,41.755001068115234,42.22600173950195,500,VERS
2024-01-31,40.53062057495117,40.75,41.25699996948242,40.75,41.25699996948242,1000,VERS
2024-02-01,40.947364807128906,41.16899871826172,41.209999084472656,41.16899871826172,41.18000030517578,900,VERS
2024-02-02,41.89623260498047,42.12300109863281,42.12300109863281,41.81999969482422,41.81999969482422,1600,VERS
2024-02-05,41.59585571289063,41.82099914550781,41.86000061035156,41.82099914550781,41.86000061035156,400,VERS
2024-02-06,41.72615051269531,41.95199966430664,41.95199966430664,41.79999923706055,41.93999862670898,1000,VERS
2024-02-07,41.30841445922852,41.53200149536133,41.70000076293945,41.5,41.70000076293945,900,VERS
2024-02-08,41.64458847045898,41.869998931884766,41.96099853515625,41.66999816894531,41.66999816894531,700,VERS
2024-02-09,42.26721954345703,42.49599838256836,42.49599838256836,42.27000045776367,42.27999877929688,300,VERS
2024-02-12,42.5417366027832,42.77199935913086,43.369998931884766,42.77199935913086,43.0,500,VERS
2024-02-13,41.225860595703125,41.44900131225586,41.959999084472656,41.44900131225586,41.959999084472656,500,VERS
2024-02-14,42.2881088256836,42.516998291015625,42.516998291015625,42.11000061035156,42.11000061035156,300,VERS
2024-02-15,42.43829345703125,42.667999267578125,42.667999267578125,42.667999267578125,42.667999267578125,100,VERS
2024-02-16,41.66249465942383,41.88800048828125,41.88800048828125,41.88800048828125,41.88800048828125,100,VERS
2024-02-20,41.062744140625,41.28499984741211,41.28499984741211,40.959999084472656,41.19599914550781,1100,VERS
2024-02-21,40.68478775024414,40.90499877929688,40.90499877929688,40.61000061035156,40.78099822998047,300,VERS
2024-02-22,41.61574935913086,41.84099960327149,41.86000061035156,41.84099960327149,41.86000061035156,600,VERS
2024-02-23,41.313385009765625,41.5369987487793,41.84999847412109,41.5369987487793,41.84999847412109,1300,VERS
2024-02-26,41.60977554321289,41.834999084472656,41.834999084472656,41.790000915527344,41.790000915527344,300,VERS
2024-02-27,41.47053146362305,41.69499969482422,41.720001220703125,41.52000045776367,41.720001220703125,1100,VERS
2024-02-28,41.32929992675781,41.553001403808594,41.56999969482422,41.553001403808594,41.56999969482422,500,VERS
2024-02-29,41.93800735473633,42.165000915527344,42.209999084472656,42.165000915527344,42.209999084472656,200,VERS
2024-03-01,42.51687240600586,42.74700164794922,42.74700164794922,42.74700164794922,42.74700164794922,200,VERS
2024-03-04,42.19660568237305,42.42499923706055,42.59999847412109,42.42499923706055,42.59999847412109,400,VERS
2024-03-05,41.19701385498047,41.41999816894531,41.97999954223633,41.41999816894531,41.97999954223633,800,VERS
2024-03-06,41.56402969360352,41.78900146484375,42.20000076293945,41.78900146484375,42.09000015258789,400,VERS
2024-03-07,42.52482604980469,42.755001068115234,42.86800003051758,42.68999862670898,42.68999862670898,500,VERS
2024-03-08,42.19660568237305,42.42499923706055,42.84000015258789,42.42499923706055,42.84000015258789,300,VERS
2024-03-11,42.01657485961914,42.24399948120117,42.619998931884766,42.24399948120117,42.619998931884766,1300,VERS
2024-03-12,42.37762069702149,42.60699844360352,42.60699844360352,42.36000061035156,42.36000061035156,400,VERS
2024-03-13,42.15681838989258,42.3849983215332,42.59999847412109,42.3849983215332,42.560001373291016,400,VERS
2024-03-14,41.4267692565918,41.6510009765625,41.6510009765625,41.6510009765625,41.6510009765625,100,VERS
2024-03-15,40.943389892578125,41.165000915527344,41.18999862670898,41.165000915527344,41.18999862670898,500,VERS
2024-03-18,40.60124206542969,40.82099914550781,41.0,40.82099914550781,41.0,700,VERS
2024-03-19,40.51769256591797,40.73699951171875,40.73699951171875,40.73699951171875,40.73699951171875,200,VERS
2024-03-20,41.21757507324219,41.4010009765625,41.4010009765625,41.4010009765625,41.4010009765625,200,VERS
2024-03-21,41.11104965209961,41.29399871826172,41.29399871826172,41.29399871826172,41.29399871826172,100,VERS
2024-03-22,41.11503219604492,41.29800033569336,41.29800033569336,41.29800033569336,41.29800033569336,200,VERS
2024-03-25,40.77853012084961,40.959999084472656,40.959999084472656,40.959999084472656,40.959999084472656,100,VERS
2024-03-26,40.62521362304688,40.805999755859375,41.130001068115234,40.805999755859375,41.130001068115234,100,VERS
2024-03-27,41.155853271484375,41.3390007019043,41.3390007019043,40.9900016784668,40.9900016784668,300,VERS
2024-03-28,41.1767578125,41.36000061035156,41.36000061035156,41.36000061035156,41.36000061035156,100,VERS
2024-04-01,41.06425857543945,41.24700164794922,41.24700164794922,41.24700164794922,41.24700164794922,200,VERS
2024-04-02,40.61625289916992,40.797000885009766,40.797000885009766,40.56999969482422,40.619998931884766,900,VERS
2024-04-03,40.651100158691406,40.83200073242188,40.83200073242188,40.83200073242188,40.83200073242188,100,VERS
2024-04-04,40.33052444458008,40.5099983215332,40.5099983215332,40.5099983215332,40.5099983215332,300,VERS
2024-04-05,40.59634017944336,40.777000427246094,40.777000427246094,40.777000427246094,40.777000427246094,100,VERS
2024-04-08,40.764591217041016,40.94599914550781,40.94599914550781,40.94599914550781,40.94599914550781,100,VERS
2024-04-09,41.11503219604492,41.29800033569336,41.29800033569336,41.29800033569336,41.29800033569336,100,VERS
2024-04-10,40.25286865234375,40.43199920654297,40.43199920654297,40.43199920654297,40.43199920654297,200,VERS
2024-04-11,40.77654266357422,40.95800018310547,40.95800018310547,40.95800018310547,40.95800018310547,100,VERS
2024-04-12,39.667476654052734,39.84400177001953,40.0,39.84400177001953,40.0,600,VERS
2024-04-15,38.97854232788086,39.152000427246094,39.152000427246094,39.152000427246094,39.152000427246094,200,VERS
2024-04-16,38.81925201416016,38.992000579833984,38.992000579833984,38.992000579833984,38.992000579833984,100,VERS
2024-04-17,38.33739471435547,38.507999420166016,39.08000183105469,38.507999420166016,39.08000183105469,700,VERS
2024-04-18,38.28960800170898,38.459999084472656,39.0,38.459999084472656,39.0,200,VERS
2024-04-19,37.49116134643555,37.65800094604492,37.65800094604492,37.65800094604492,37.65800094604492,200,VERS
2024-04-22,38.23783874511719,38.40800094604492,38.60499954223633,37.93999862670898,37.970001220703125,71500,VERS
2024-04-23,38.72467041015625,38.89699935913086,38.89699935913086,38.89699935913086,38.89699935913086,200,VERS
2024-04-24,38.75951385498047,38.93199920654297,38.9900016784668,38.93199920654297,38.9900016784668,500,VERS
2024-04-25,38.49867630004883,38.66999816894531,38.66999816894531,38.66999816894531,38.66999816894531,100,VERS
2024-04-26,39.39667892456055,39.571998596191406,39.571998596191406,39.571998596191406,39.571998596191406,100,VERS
2024-04-29,39.64258575439453,39.81900024414063,39.81900024414063,39.66999816894531,39.66999816894531,200,VERS
2024-04-30,39.004425048828125,39.178001403808594,39.77000045776367,39.178001403808594,39.77000045776367,1300,VERS
2024-05-01,38.88595199584961,39.05899810791016,39.7400016784668,39.05899810791016,39.119998931884766,2100,VERS
2024-05-02,39.78793716430664,39.96500015258789,39.96500015258789,39.59000015258789,39.59000015258789,400,VERS
2024-05-03,40.50972366333008,40.68999862670898,40.81999969482422,40.68999862670898,40.81999969482422,400,VERS
2024-05-06,41.132957458496094,41.31600189208984,41.31600189208984,41.31600189208984,41.31600189208984,300,VERS
2024-05-07,41.10109329223633,41.28400039672852,41.36000061035156,41.28400039672852,41.36000061035156,300,VERS
2024-05-08,40.97764205932617,41.15999984741211,41.15999984741211,41.15999984741211,41.15999984741211,100,VERS
2024-05-09,40.84025573730469,41.02199935913086,41.02199935913086,40.91999816894531,40.91999816894531,400,VERS
2024-05-10,40.59733581542969,40.77799987792969,40.77799987792969,40.77799987792969,40.77799987792969,100,VERS
2024-05-13,40.93782043457031,41.119998931884766,41.119998931884766,41.119998931884766,41.119998931884766,300,VERS
2024-05-14,41.659610748291016,41.845001220703125,41.8849983215332,41.845001220703125,41.8849983215332,200,VERS
2024-05-15,42.28383255004883,42.47200012207031,42.47200012207031,42.47200012207031,42.47200012207031,300,VERS
2024-05-16,42.21015930175781,42.39799880981445,42.39799880981445,42.380001068115234,42.380001068115234,400,VERS
2024-05-17,41.931400299072266,42.11800003051758,42.11800003051758,42.11800003051758,42.11800003051758,400,VERS
2024-05-20,42.37741470336914,42.56600189208984,42.56999969482422,42.56600189208984,42.56999969482422,400,VERS
2024-05-21,42.18128967285156,42.36899948120117,42.36899948120117,42.36899948120117,42.36899948120117,100,VERS
2024-05-22,42.1036376953125,42.29100036621094,42.29100036621094,42.2400016784668,42.27000045776367,4100,VERS
2024-05-23,41.61978530883789,41.80500030517578,42.790000915527344,41.80500030517578,42.790000915527344,200,VERS
2024-05-24,42.01702117919922,42.20399856567383,42.20399856567383,42.20399856567383,42.20399856567383,100,VERS
2024-05-28,42.401309967041016,42.59000015258789,42.75,42.59000015258789,42.75,300,VERS
2024-05-29,41.93836975097656,42.125,42.36000061035156,42.125,42.36000061035156,1600,VERS
2024-05-30,41.62277221679688,41.80799865722656,42.0620002746582,41.80799865722656,41.959999084472656,300,VERS
2024-05-31,41.79201889038086,41.97800064086914,41.97800064086914,41.43999862670898,41.55099868774414,1700,VERS
2024-06-03,41.905517578125,42.09199905395508,42.2400016784668,42.06999969482422,42.2400016784668,300,VERS
2024-06-04,41.69047164916992,41.8759994506836,41.8759994506836,41.8759994506836,41.8759994506836,100,VERS
2024-06-05,42.75175094604492,42.94200134277344,42.94200134277344,42.75,42.75,1100,VERS
2024-06-06,42.84035110473633,43.03099822998047,43.03099822998047,42.869998931884766,42.869998931884766,300,VERS
2024-06-07,42.48991775512695,42.67900085449219,42.67900085449219,42.67900085449219,42.67900085449219,100,VERS
2024-06-10,42.6024169921875,42.79199981689453,42.79199981689453,42.75,42.75,300,VERS
2024-06-11,42.9548454284668,43.14599990844727,43.14599990844727,42.80799865722656,42.80799865722656,200,VERS
2024-06-12,43.7144660949707,43.90900039672852,44.130001068115234,43.66999816894531,44.060001373291016,2200,VERS
2024-06-13,43.19179153442383,43.38399887084961,43.38399887084961,43.38399887084961,43.38399887084961,100,VERS
2024-06-14,42.79356384277344,42.98400115966797,42.98400115966797,42.88999938964844,42.900001525878906,2000,VERS
2024-06-17,43.19676971435547,43.38899993896485,43.38899993896485,42.810001373291016,42.83000183105469,2700,VERS
2024-06-18,43.06037521362305,43.25199890136719,43.25199890136719,43.25199890136719,43.25199890136719,100,VERS
2024-06-20,43.14500045776367,43.33700180053711,43.52999877929688,43.29999923706055,43.52999877929688,2200,VERS
2024-06-21,43.18083953857422,43.37300109863281,43.37300109863281,43.25,43.31999969482422,1200,VERS
2024-06-24,42.83935928344727,43.02999877929688,43.3120002746582,43.02999877929688,43.3120002746582,200,VERS
2024-06-25,43.11314010620117,43.30500030517578,43.30500030517578,43.130001068115234,43.15999984741211,400,VERS
2024-06-26,43.521881103515625,43.65599822998047,43.65599822998047,43.040000915527344,43.040000915527344,300,VERS
2024-06-27,43.72625350952149,43.86100006103516,43.86100006103516,43.81999969482422,43.81999969482422,500,VERS
2024-06-28,43.521881103515625,43.65599822998047,43.65599822998047,43.65599822998047,43.65599822998047,100,VERS
2024-07-01,43.15202331542969,43.28499984741211,43.28499984741211,43.165000915527344,43.16999816894531,300,VERS
2024-07-02,43.65547180175781,43.790000915527344,43.790000915527344,43.130001068115234,43.130001068115234,900,VERS
2024-07-03,43.86881637573242,44.00400161743164,44.00400161743164,44.00400161743164,44.00400161743164,100,VERS
2024-07-05,44.240665435791016,44.37699890136719,44.37699890136719,44.0099983215332,44.0099983215332,300,VERS
2024-07-08,44.854774475097656,44.99300003051758,44.99300003051758,44.83000183105469,44.83000183105469,300,VERS
2024-07-09,44.59557723999024,44.733001708984375,44.733001708984375,44.733001708984375,44.733001708984375,300,VERS
2024-07-10,45.039207458496094,45.178001403808594,45.178001403808594,44.91999816894531,44.970001220703125,800,VERS
2024-07-11,45.12693405151367,45.26599884033203,45.26599884033203,45.09999847412109,45.09999847412109,200,VERS
2024-07-12,45.68820571899414,45.82899856567383,45.98899841308594,45.82899856567383,45.98899841308594,300,VERS
2024-07-15,46.114891052246094,46.25699996948242,46.25699996948242,46.25699996948242,46.25699996948242,100,VERS
2024-07-16,46.932373046875,47.07699966430664,47.07699966430664,46.59999847412109,46.59999847412109,300,VERS
2024-07-17,45.56359100341797,45.70399856567383,46.2400016784668,45.70399856567383,46.2400016784668,1200,VERS
2024-07-18,44.86275100708008,45.0009994506836,45.06900024414063,45.0009994506836,45.04999923706055,400,VERS
2024-07-19,44.34235382080078,44.479000091552734,44.479000091552734,44.479000091552734,44.479000091552734,200,VERS
2024-07-22,45.077091217041016,45.21599960327149,45.21599960327149,45.21599960327149,45.21599960327149,100,VERS
2024-07-23,45.21366882324219,45.35300064086914,45.35300064086914,45.35300064086914,45.35300064086914,100,VERS
2024-07-24,43.65646743774414,43.79100036621094,43.79100036621094,43.79100036621094,43.79100036621094,100,VERS
2024-07-25,43.372344970703125,43.50600051879883,43.50600051879883,43.50600051879883,43.50600051879883,200,VERS
2024-07-26,43.77510070800781,43.90999984741211,43.90999984741211,43.90999984741211,43.90999984741211,100,VERS
2024-07-29,43.48200607299805,43.61600112915039,43.61600112915039,43.61600112915039,43.61600112915039,100,VERS
2024-07-30,42.82203674316406,42.95399856567383,42.95399856567383,42.95399856567383,42.95399856567383,100,VERS
2024-07-31,43.6464958190918,43.78099822998047,43.78099822998047,43.78099822998047,43.78099822998047,100,VERS
2024-08-01,41.876953125,42.00600051879883,42.00600051879883,42.00600051879883,42.00600051879883,400,VERS
2024-08-02,40.168216705322266,40.29199981689453,40.29199981689453,40.29199981689453,40.29199981689453,200,VERS
2024-08-05,38.75856018066406,38.87799835205078,39.220001220703125,38.65999984741211,39.220001220703125,4800,VERS
2024-08-06,38.86024856567383,38.97999954223633,38.97999954223633,38.97999954223633,38.97999954223633,100,VERS
2024-08-07,38.3807258605957,38.499000549316406,39.88999938964844,38.499000549316406,39.88999938964844,400,VERS
2024-08-08,39.3846321105957,39.50600051879883,39.50600051879883,39.50600051879883,39.50600051879883,200,VERS
2024-08-09,39.59996795654297,39.72200012207031,39.72200012207031,39.665000915527344,39.665000915527344,100,VERS
2024-08-12,39.24605941772461,39.367000579833984,39.367000579833984,39.367000579833984,39.367000579833984,100,VERS
2024-08-13,40.531097412109375,40.65599822998047,40.65599822998047,40.0,40.0,200,VERS
2024-08-14,40.35962677001953,40.48400115966797,40.48400115966797,40.48400115966797,40.48400115966797,100,VERS
2024-08-15,41.3087043762207,41.43600082397461,41.48500061035156,41.09000015258789,41.09000015258789,400,VERS
2024-08-16,41.763301849365234,41.891998291015625,41.891998291015625,41.57799911499024,41.57799911499024,400,VERS
2024-08-19,42.59872817993164,42.72999954223633,42.72999954223633,42.72999954223633,42.72999954223633,100,VERS
2024-08-20,42.59673309326172,42.72800064086914,42.72800064086914,42.72800064086914,42.72800064086914,100,VERS
2024-08-21,43.31452178955078,43.448001861572266,43.448001861572266,43.448001861572266,43.448001861572266,100,VERS
2024-08-22,42.38937377929688,42.52000045776367,43.52199935913086,42.52000045776367,43.52199935913086,200,VERS
2024-08-23,43.39527130126953,43.52899932861328,43.52899932861328,43.36000061035156,43.36000061035156,400,VERS
2024-08-26,42.86989212036133,43.00199890136719,43.37900161743164,43.00199890136719,43.37900161743164,200,VERS
2024-08-27,42.65754699707031,42.78900146484375,42.854000091552734,42.78900146484375,42.854000091552734,300,VERS
2024-08-28,42.129173278808594,42.25899887084961,42.25899887084961,42.25899887084961,42.25899887084961,100,VERS
2024-08-29,42.23185729980469,42.36199951171875,42.36199951171875,42.36199951171875,42.36199951171875,200,VERS
2024-08-30,42.69044494628906,42.821998596191406,42.821998596191406,42.821998596191406,42.821998596191406,100,VERS
2024-09-03,41.20602035522461,41.33300018310547,41.33300018310547,41.33300018310547,41.33300018310547,200,VERS
2024-09-04,41.2728157043457,41.400001525878906,41.48400115966797,41.400001525878906,41.459999084472656,300,VERS
2024-09-05,41.26084899902344,41.38800048828125,41.38800048828125,41.38800048828125,41.38800048828125,100,VERS
2024-09-06,40.53010177612305,40.65499877929688,41.459999084472656,40.54600143432617,41.459999084472656,400,VERS
2024-09-09,41.00164794921875,41.12799835205078,41.12799835205078,41.12799835205078,41.12799835205078,100,VERS
2024-09-10,41.40640258789063,41.53400039672852,41.53400039672852,41.130001068115234,41.130001068115234,300,VERS
2024-09-11,42.07035446166992,42.20000076293945,42.20000076293945,42.20000076293945,42.20000076293945,300,VERS
2024-09-12,42.63860321044922,42.77000045776367,42.77000045776367,42.77000045776367,42.77000045776367,300,VERS
2024-09-13,43.221805572509766,43.35499954223633,43.35499954223633,43.35499954223633,43.35499954223633,100,VERS
2024-09-16,43.02939987182617,43.1619987487793,43.1619987487793,43.150001525878906,43.150001525878906,100,VERS
2024-09-17,42.93867874145508,43.07099914550781,43.07099914550781,43.07099914550781,43.07099914550781,100,VERS
2024-09-18,42.80608749389648,42.9379997253418,43.56999969482422,42.9379997253418,43.56999969482422,200,VERS
2024-09-19,43.52387619018555,43.65800094604492,44.04999923706055,43.65800094604492,44.04999923706055,400,VERS
2024-09-20,42.95662689208984,43.0890007019043,43.0890007019043,43.0890007019043,43.0890007019043,100,VERS
2024-09-23,42.823036193847656,42.95500183105469,42.95500183105469,42.95500183105469,42.95500183105469,200,VERS
2024-09-24,43.48400115966797,43.61800003051758,43.61800003051758,43.61800003051758,43.61800003051758,100,VERS
2024-09-25,43.27999877929688,43.27999877929688,43.27999877929688,43.27999877929688,43.27999877929688,100,VERS
2024-09-26,44.09999847412109,44.09999847412109,44.09999847412109,44.09999847412109,44.09999847412109,100,VERS
2024-09-27,44.005001068115234,44.005001068115234,44.005001068115234,44.005001068115234,44.005001068115234,100,VERS
2024-09-30,44.00600051879883,44.00600051879883,44.0099983215332,43.81999969482422,43.81999969482422,400,VERS
2024-10-01,43.21500015258789,43.21500015258789,43.21500015258789,43.16999816894531,43.16999816894531,500,VERS
2024-10-02,43.59099960327149,43.59099960327149,43.59099960327149,43.59099960327149,43.59099960327149,200,VERS
2024-10-03,43.54899978637695,43.54899978637695,43.54899978637695,43.54899978637695,43.54899978637695,100,VERS
2024-10-04,44.095001220703125,44.095001220703125,44.095001220703125,44.095001220703125,44.095001220703125,100,VERS
2024-10-07,43.66699981689453,43.66699981689453,43.66699981689453,43.66699981689453,43.66699981689453,100,VERS
2024-10-08,44.0009994506836,44.0009994506836,44.0009994506836,44.0009994506836,44.0009994506836,100,VERS
2024-10-09,44.28799819946289,44.28799819946289,44.28799819946289,44.18000030517578,44.18000030517578,200,VERS
2024-10-10,44.275001525878906,44.275001525878906,44.275001525878906,44.275001525878906,44.275001525878906,200,VERS
2024-10-11,44.86399841308594,44.86399841308594,44.86399841308594,44.86399841308594,44.86399841308594,100,VERS
2024-10-14,45.27299880981445,45.27299880981445,45.27299880981445,45.0,45.0,1200,VERS
2024-10-15,44.67599868774414,44.67599868774414,45.459999084472656,44.67599868774414,45.459999084472656,100,VERS
2024-10-16,44.56700134277344,44.56700134277344,44.56700134277344,44.459999084472656,44.459999084472656,900,VERS
2024-10-17,44.3759994506836,44.3759994506836,44.3759994506836,44.3759994506836,44.3759994506836,100,VERS
2024-10-18,44.604000091552734,44.604000091552734,44.604000091552734,44.604000091552734,44.604000091552734,100,VERS
2024-10-21,44.470001220703125,44.470001220703125,44.470001220703125,44.470001220703125,44.470001220703125,100,VERS
2024-10-22,44.57400131225586,44.57400131225586,44.57400131225586,44.57400131225586,44.57400131225586,100,VERS
2024-10-23,43.82099914550781,43.82099914550781,43.82099914550781,43.82099914550781,43.82099914550781,100,VERS
2024-10-24,44.00600051879883,44.00600051879883,44.00600051879883,44.00600051879883,44.00600051879883,100,VERS
2024-10-25,44.05899810791016,44.05899810791016,44.05899810791016,44.05899810791016,44.05899810791016,100,VERS
2024-10-28,44.70000076293945,44.70000076293945,44.7400016784668,44.68000030517578,44.68000030517578,400,VERS
2024-10-29,44.80699920654297,44.80699920654297,44.80699920654297,44.80699920654297,44.80699920654297,100,VERS
2024-10-30,44.44499969482422,44.44499969482422,44.44499969482422,44.44499969482422,44.44499969482422,100,VERS
2024-10-31,43.665000915527344,43.665000915527344,43.665000915527344,43.665000915527344,43.665000915527344,100,VERS
2024-11-01,43.83100128173828,43.83100128173828,43.83100128173828,43.83100128173828,43.83100128173828,100,VERS
2024-11-04,43.400001525878906,43.400001525878906,43.400001525878906,43.400001525878906,43.400001525878906,100,VERS
2024-11-05,43.9739990234375,43.9739990234375,43.9739990234375,43.9739990234375,43.9739990234375,100,VERS
2024-11-06,44.917999267578125,44.917999267578125,44.917999267578125,44.917999267578125,44.917999267578125,100,VERS
2024-11-07,45.70199966430664,45.70199966430664,45.70199966430664,45.70000076293945,45.70000076293945,300,VERS
2024-11-08,45.2400016784668,45.2400016784668,45.2400016784668,45.2400016784668,45.2400016784668,100,VERS
2024-11-11,45.25899887084961,45.25899887084961,45.25899887084961,45.25899887084961,45.25899887084961,100,VERS
2024-11-12,44.80400085449219,44.80400085449219,44.80400085449219,44.790000915527344,44.790000915527344,300,VERS
2024-11-13,44.44400024414063,44.44400024414063,44.5099983215332,44.44400024414063,44.5099983215332,400,VERS
2024-11-14,44.28900146484375,44.28900146484375,44.28900146484375,44.28900146484375,44.28900146484375,100,VERS
2024-11-15,43.0369987487793,43.0369987487793,43.0369987487793,43.0369987487793,43.0369987487793,200,VERS
2024-11-18,43.24160003662109,43.24160003662109,43.24160003662109,43.24160003662109,43.41999816894531,63,VERS
